<?xml version="1.0" encoding="utf-8"?>
<!--/17454924/1340681/2.50/24/6/Connector/-->
<quadcept_library>
  <setting unit="mil" />
  <textstyle name="Default" height="47.244094488189" strokewidth="7.8740157480315" charwidth="47.244094488189" />
  <textstyle name="Dimension" height="19.6850393700787" strokewidth="0" charwidth="19.6850393700787" />
  <textstyle name="H127W0635TH00762" height="50" strokewidth="3" charwidth="25" />
  <textstyle name="H15W15TH02" height="59.0551181102362" strokewidth="7.8740157480315" charwidth="59.0551181102362" />
  <padstyle name="r110_80" surface="True" plated="False" isvia="False" nopaste="False" nomask="True" complex="False" holesize="0">
    <padshape layer="TOP" shape="rectangle" width="31.496062992126" height="43.307086614173" />
    <padshape layer="TOP_SOLDER_MASK" shape="rectangle" width="39.370078740157" height="51.181102362204" />
    <padshape layer="TOP_SOLDER_PASTE" shape="rectangle" width="31.496062992126" height="43.307086614173" />
  </padstyle>
  <padstyle name="c80_h160" surface="False" plated="True" isvia="False" nopaste="True" nomask="True" complex="False" holesize="62.992125984251">
    <padshape layer="TOP" shape="round" width="31.496062992126" height="31.496062992126" />
    <padshape layer="TOP_SOLDER_MASK" shape="round" width="39.370078740157" height="39.370078740157" />
    <padshape layer="INNER" shape="round" width="31.496062992126" height="31.496062992126" />
    <padshape layer="BOTTOM" shape="round" width="31.496062992126" height="31.496062992126" />
    <padshape layer="BOTTOM_SOLDER_MASK" shape="round" width="39.370078740157" height="39.370078740157" />
  </padstyle>
  <padstyle name="r275_120" surface="True" plated="False" isvia="False" nopaste="False" nomask="True" complex="False" holesize="0">
    <padshape layer="TOP" shape="rectangle" width="47.244094488188" height="108.26771653543" />
    <padshape layer="TOP_SOLDER_MASK" shape="rectangle" width="55.11811023622" height="116.14173228346" />
    <padshape layer="TOP_SOLDER_PASTE" shape="rectangle" width="47.244094488188" height="108.26771653543" />
  </padstyle>
  <footprint name="1373866" originx="0" originy="0" pickpointx="0" pickpointy="0">
    <pcbpin number="1" name="A1" style="r110_80" originx="-225" originy="108.26771653543" rotation="0" />
    <pcbpin number="2" name="A2" style="r110_80" originx="-175" originy="108.26771653543" rotation="0" />
    <pcbpin number="3" name="A3" style="r110_80" originx="-125" originy="108.26771653543" rotation="0" />
    <pcbpin number="4" name="A4" style="r110_80" originx="-74.999999999999" originy="108.26771653543" rotation="0" />
    <pcbpin number="5" name="A5" style="r110_80" originx="-25" originy="108.26771653543" rotation="0" />
    <pcbpin number="6" name="A6" style="r110_80" originx="25" originy="108.26771653543" rotation="0" />
    <pcbpin number="7" name="A7" style="r110_80" originx="74.999999999999" originy="108.26771653543" rotation="0" />
    <pcbpin number="8" name="A8" style="r110_80" originx="125" originy="108.26771653543" rotation="0" />
    <pcbpin number="9" name="A9" style="r110_80" originx="175" originy="108.26771653543" rotation="0" />
    <pcbpin number="10" name="A10" style="r110_80" originx="225" originy="108.26771653543" rotation="0" />
    <pcbpin number="11" name="A11" style="r110_80" originx="-225" originy="-108.26771653543" rotation="0" />
    <pcbpin number="12" name="A12" style="r110_80" originx="-175" originy="-108.26771653543" rotation="0" />
    <pcbpin number="13" name="A13" style="r110_80" originx="-125" originy="-108.26771653543" rotation="0" />
    <pcbpin number="14" name="A14" style="r110_80" originx="-74.999999999999" originy="-108.26771653543" rotation="0" />
    <pcbpin number="15" name="A15" style="r110_80" originx="-25" originy="-108.26771653543" rotation="0" />
    <pcbpin number="16" name="A16" style="r110_80" originx="25" originy="-108.26771653543" rotation="0" />
    <pcbpin number="17" name="A17" style="r110_80" originx="74.999999999999" originy="-108.26771653543" rotation="0" />
    <pcbpin number="18" name="A18" style="r110_80" originx="125" originy="-108.26771653543" rotation="0" />
    <pcbpin number="19" name="A19" style="r110_80" originx="175" originy="-108.26771653543" rotation="0" />
    <pcbpin number="20" name="A20" style="r110_80" originx="225" originy="-108.26771653543" rotation="0" />
    <pcbpin number="21" name="MH1" style="c80_h160" originx="-312.00787401574" originy="0" rotation="90" />
    <pcbpin number="22" name="MH2" style="c80_h160" originx="312.00787401574" originy="0" rotation="90" />
    <pcbpin number="23" name="MP1" style="r275_120" originx="-323.81889763779" originy="95.472440944881" rotation="0" />
    <pcbpin number="24" name="MP2" style="r275_120" originx="323.81889763779" originy="95.472440944881" rotation="0" />
    <pcbpin number="25" name="MP3" style="r275_120" originx="-323.81889763779" originy="-95.472440944881" rotation="0" />
    <pcbpin number="26" name="MP4" style="r275_120" originx="323.81889763779" originy="-95.472440944881" rotation="0" />
    <line layer="TOP_ASSEMBLY" originx="-350.1968503937" originy="-82.67716535433" endx="350.1968503937" endy="-82.67716535433" width="3.9370078740157" />
    <line layer="TOP_ASSEMBLY" originx="350.1968503937" originy="-82.67716535433" endx="350.1968503937" endy="82.67716535433" width="3.9370078740157" />
    <line layer="TOP_ASSEMBLY" originx="350.1968503937" originy="82.67716535433" endx="-350.1968503937" endy="82.67716535433" width="3.9370078740157" />
    <line layer="TOP_ASSEMBLY" originx="-350.1968503937" originy="82.67716535433" endx="-350.1968503937" endy="-82.67716535433" width="3.9370078740157" />
    <line layer="TOP_PLACE_BOUND" originx="-389.56692913385" originy="188.97637795275" endx="389.56692913385" endy="188.97637795275" width="3.9370078740157" />
    <line layer="TOP_PLACE_BOUND" originx="389.56692913385" originy="188.97637795275" endx="389.56692913385" endy="-188.97637795275" width="3.9370078740157" />
    <line layer="TOP_PLACE_BOUND" originx="389.56692913385" originy="-188.97637795275" endx="-389.56692913385" endy="-188.97637795275" width="3.9370078740157" />
    <line layer="TOP_PLACE_BOUND" originx="-389.56692913385" originy="-188.97637795275" endx="-389.56692913385" endy="188.97637795275" width="3.9370078740157" />
    <line layer="TOP_SILKSCREEN" originx="-283.46456692913" originy="82.67716535433" endx="-259.84251968504" endy="82.67716535433" width="7.8740157480314" />
    <line layer="TOP_SILKSCREEN" originx="-283.46456692913" originy="-82.67716535433" endx="-259.84251968504" endy="-82.67716535433" width="7.8740157480314" />
    <line layer="TOP_SILKSCREEN" originx="259.84251968504" originy="-82.67716535433" endx="283.46456692913" endy="-82.67716535433" width="7.8740157480314" />
    <line layer="TOP_SILKSCREEN" originx="259.84251968504" originy="82.67716535433" endx="283.46456692913" endy="82.67716535433" width="7.8740157480314" />
    <line layer="TOP_SILKSCREEN" originx="-225" originy="157.48031496063" endx="-225" endy="157.48031496063" width="3.9370078740157" />
    <arc layer="TOP_SILKSCREEN" originx="-225" originy="159.44881889764" startangle="-90.0" sweepangle="180.0" radius="1.9685039370078" width="3.9370078740157" />
    <line layer="TOP_SILKSCREEN" originx="-225" originy="161.41732283464" endx="-225" endy="161.41732283464" width="3.9370078740157" />
    <arc layer="TOP_SILKSCREEN" originx="-225" originy="159.44881889764" startangle="90.0" sweepangle="180.0" radius="1.9685039370078" width="3.9370078740157" />
  </footprint>
  <symbol name="1373866" originx="0" originy="0">
    <line originx="200" originy="400" endx="1300" endy="400" width="0" />
    <line originx="1300" originy="-500" endx="1300" endy="400" width="0" />
    <line originx="1300" originy="-500" endx="200" endy="-500" width="0" />
    <line originx="200" originy="400" endx="200" endy="-500" width="0" />
    <sympin number="1" originx="300" originy="400" rotation="90" length="100" width="7.8740157480315" flipped="False">
      <text name="pinname" originx="300" originy="370" style="Default" rotation="0" justify="right" flipped="False" hidden="False" data="A1" />
      <text name="pindes" originx="280" originy="460" style="Default" rotation="0" justify="lowerleft" flipped="False" hidden="False" data="A1" />
    </sympin>
    <sympin number="2" originx="400" originy="400" rotation="90" length="100" width="7.8740157480315" flipped="False">
      <text name="pinname" originx="400" originy="370" style="Default" rotation="0" justify="right" flipped="False" hidden="False" data="A2" />
      <text name="pindes" originx="380" originy="460" style="Default" rotation="0" justify="lowerleft" flipped="False" hidden="False" data="A2" />
    </sympin>
    <sympin number="3" originx="500" originy="400" rotation="90" length="100" width="7.8740157480315" flipped="False">
      <text name="pinname" originx="500" originy="370" style="Default" rotation="0" justify="right" flipped="False" hidden="False" data="A3" />
      <text name="pindes" originx="480" originy="460" style="Default" rotation="0" justify="lowerleft" flipped="False" hidden="False" data="A3" />
    </sympin>
    <sympin number="4" originx="600" originy="400" rotation="90" length="100" width="7.8740157480315" flipped="False">
      <text name="pinname" originx="600" originy="370" style="Default" rotation="0" justify="right" flipped="False" hidden="False" data="A4" />
      <text name="pindes" originx="580" originy="460" style="Default" rotation="0" justify="lowerleft" flipped="False" hidden="False" data="A4" />
    </sympin>
    <sympin number="5" originx="700" originy="400" rotation="90" length="100" width="7.8740157480315" flipped="False">
      <text name="pinname" originx="700" originy="370" style="Default" rotation="0" justify="right" flipped="False" hidden="False" data="A5" />
      <text name="pindes" originx="680" originy="460" style="Default" rotation="0" justify="lowerleft" flipped="False" hidden="False" data="A5" />
    </sympin>
    <sympin number="6" originx="800" originy="400" rotation="90" length="100" width="7.8740157480315" flipped="False">
      <text name="pinname" originx="800" originy="370" style="Default" rotation="0" justify="right" flipped="False" hidden="False" data="A6" />
      <text name="pindes" originx="780" originy="460" style="Default" rotation="0" justify="lowerleft" flipped="False" hidden="False" data="A6" />
    </sympin>
    <sympin number="7" originx="900" originy="400" rotation="90" length="100" width="7.8740157480315" flipped="False">
      <text name="pinname" originx="900" originy="370" style="Default" rotation="0" justify="right" flipped="False" hidden="False" data="A7" />
      <text name="pindes" originx="880" originy="460" style="Default" rotation="0" justify="lowerleft" flipped="False" hidden="False" data="A7" />
    </sympin>
    <sympin number="8" originx="1000" originy="400" rotation="90" length="100" width="7.8740157480315" flipped="False">
      <text name="pinname" originx="1000" originy="370" style="Default" rotation="0" justify="right" flipped="False" hidden="False" data="A8" />
      <text name="pindes" originx="980" originy="460" style="Default" rotation="0" justify="lowerleft" flipped="False" hidden="False" data="A8" />
    </sympin>
    <sympin number="9" originx="1100" originy="400" rotation="90" length="100" width="7.8740157480315" flipped="False">
      <text name="pinname" originx="1100" originy="370" style="Default" rotation="0" justify="right" flipped="False" hidden="False" data="A9" />
      <text name="pindes" originx="1080" originy="460" style="Default" rotation="0" justify="lowerleft" flipped="False" hidden="False" data="A9" />
    </sympin>
    <sympin number="10" originx="1200" originy="400" rotation="90" length="100" width="7.8740157480315" flipped="False">
      <text name="pinname" originx="1200" originy="370" style="Default" rotation="0" justify="right" flipped="False" hidden="False" data="A10" />
      <text name="pindes" originx="1180" originy="460" style="Default" rotation="0" justify="lowerleft" flipped="False" hidden="False" data="A10" />
    </sympin>
    <sympin number="11" originx="300" originy="-500" rotation="270" length="100" width="7.8740157480315" flipped="False">
      <text name="pinname" originx="300" originy="-470" style="Default" rotation="0" justify="left" flipped="False" hidden="False" data="A11" />
      <text name="pindes" originx="280" originy="-560" style="Default" rotation="0" justify="lowerright" flipped="False" hidden="False" data="A11" />
    </sympin>
    <sympin number="12" originx="400" originy="-500" rotation="270" length="100" width="7.8740157480315" flipped="False">
      <text name="pinname" originx="400" originy="-470" style="Default" rotation="0" justify="left" flipped="False" hidden="False" data="A12" />
      <text name="pindes" originx="380" originy="-560" style="Default" rotation="0" justify="lowerright" flipped="False" hidden="False" data="A12" />
    </sympin>
    <sympin number="13" originx="500" originy="-500" rotation="270" length="100" width="7.8740157480315" flipped="False">
      <text name="pinname" originx="500" originy="-470" style="Default" rotation="0" justify="left" flipped="False" hidden="False" data="A13" />
      <text name="pindes" originx="480" originy="-560" style="Default" rotation="0" justify="lowerright" flipped="False" hidden="False" data="A13" />
    </sympin>
    <sympin number="14" originx="600" originy="-500" rotation="270" length="100" width="7.8740157480315" flipped="False">
      <text name="pinname" originx="600" originy="-470" style="Default" rotation="0" justify="left" flipped="False" hidden="False" data="A14" />
      <text name="pindes" originx="580" originy="-560" style="Default" rotation="0" justify="lowerright" flipped="False" hidden="False" data="A14" />
    </sympin>
    <sympin number="15" originx="700" originy="-500" rotation="270" length="100" width="7.8740157480315" flipped="False">
      <text name="pinname" originx="700" originy="-470" style="Default" rotation="0" justify="left" flipped="False" hidden="False" data="A15" />
      <text name="pindes" originx="680" originy="-560" style="Default" rotation="0" justify="lowerright" flipped="False" hidden="False" data="A15" />
    </sympin>
    <sympin number="16" originx="800" originy="-500" rotation="270" length="100" width="7.8740157480315" flipped="False">
      <text name="pinname" originx="800" originy="-470" style="Default" rotation="0" justify="left" flipped="False" hidden="False" data="A16" />
      <text name="pindes" originx="780" originy="-560" style="Default" rotation="0" justify="lowerright" flipped="False" hidden="False" data="A16" />
    </sympin>
    <sympin number="17" originx="900" originy="-500" rotation="270" length="100" width="7.8740157480315" flipped="False">
      <text name="pinname" originx="900" originy="-470" style="Default" rotation="0" justify="left" flipped="False" hidden="False" data="A17" />
      <text name="pindes" originx="880" originy="-560" style="Default" rotation="0" justify="lowerright" flipped="False" hidden="False" data="A17" />
    </sympin>
    <sympin number="18" originx="1000" originy="-500" rotation="270" length="100" width="7.8740157480315" flipped="False">
      <text name="pinname" originx="1000" originy="-470" style="Default" rotation="0" justify="left" flipped="False" hidden="False" data="A18" />
      <text name="pindes" originx="980" originy="-560" style="Default" rotation="0" justify="lowerright" flipped="False" hidden="False" data="A18" />
    </sympin>
    <sympin number="19" originx="1100" originy="-500" rotation="270" length="100" width="7.8740157480315" flipped="False">
      <text name="pinname" originx="1100" originy="-470" style="Default" rotation="0" justify="left" flipped="False" hidden="False" data="A19" />
      <text name="pindes" originx="1080" originy="-560" style="Default" rotation="0" justify="lowerright" flipped="False" hidden="False" data="A19" />
    </sympin>
    <sympin number="20" originx="1200" originy="-500" rotation="270" length="100" width="7.8740157480315" flipped="False">
      <text name="pinname" originx="1200" originy="-470" style="Default" rotation="0" justify="left" flipped="False" hidden="False" data="A20" />
      <text name="pindes" originx="1180" originy="-560" style="Default" rotation="0" justify="lowerright" flipped="False" hidden="False" data="A20" />
    </sympin>
    <sympin number="21" originx="200" originy="0" rotation="180" length="100" width="7.8740157480315" flipped="False">
      <text name="pinname" originx="230" originy="0" style="Default" rotation="0" justify="left" flipped="False" hidden="False" data="MP1" />
      <text name="pindes" originx="140" originy="20" style="Default" rotation="0" justify="lowerright" flipped="False" hidden="False" data="MP1" />
    </sympin>
    <sympin number="22" originx="1300" originy="0" rotation="0" length="100" width="7.8740157480315" flipped="False">
      <text name="pinname" originx="1270" originy="0" style="Default" rotation="0" justify="right" flipped="False" hidden="False" data="MP2" />
      <text name="pindes" originx="1360" originy="20" style="Default" rotation="0" justify="lowerleft" flipped="False" hidden="False" data="MP2" />
    </sympin>
    <sympin number="23" originx="200" originy="-100" rotation="180" length="100" width="7.8740157480315" flipped="False">
      <text name="pinname" originx="230" originy="-100" style="Default" rotation="0" justify="left" flipped="False" hidden="False" data="MP3" />
      <text name="pindes" originx="140" originy="-80" style="Default" rotation="0" justify="lowerright" flipped="False" hidden="False" data="MP3" />
    </sympin>
    <sympin number="24" originx="1300" originy="-100" rotation="0" length="100" width="7.8740157480315" flipped="False">
      <text name="pinname" originx="1270" originy="-100" style="Default" rotation="0" justify="right" flipped="False" hidden="False" data="MP4" />
      <text name="pindes" originx="1360" originy="-80" style="Default" rotation="0" justify="lowerleft" flipped="False" hidden="False" data="MP4" />
    </sympin>
  </symbol>
  <component name="1373866" designatorprefix="J" height="265.74803149606" footprint="1373866">
    <comppin designator="A1" sympin="1" pinswap="0" gateswap="0" gate="1" group="1" side="" type="Any" name="A1" />
    <comppin designator="A2" sympin="2" pinswap="0" gateswap="0" gate="1" group="1" side="" type="Any" name="A2" />
    <comppin designator="A3" sympin="3" pinswap="0" gateswap="0" gate="1" group="1" side="" type="Any" name="A3" />
    <comppin designator="A4" sympin="4" pinswap="0" gateswap="0" gate="1" group="1" side="" type="Any" name="A4" />
    <comppin designator="A5" sympin="5" pinswap="0" gateswap="0" gate="1" group="1" side="" type="Any" name="A5" />
    <comppin designator="A6" sympin="6" pinswap="0" gateswap="0" gate="1" group="1" side="" type="Any" name="A6" />
    <comppin designator="A7" sympin="7" pinswap="0" gateswap="0" gate="1" group="1" side="" type="Any" name="A7" />
    <comppin designator="A8" sympin="8" pinswap="0" gateswap="0" gate="1" group="1" side="" type="Any" name="A8" />
    <comppin designator="A9" sympin="9" pinswap="0" gateswap="0" gate="1" group="1" side="" type="Any" name="A9" />
    <comppin designator="A10" sympin="10" pinswap="0" gateswap="0" gate="1" group="1" side="" type="Any" name="A10" />
    <comppin designator="A11" sympin="11" pinswap="0" gateswap="0" gate="1" group="1" side="" type="Any" name="A11" />
    <comppin designator="A12" sympin="12" pinswap="0" gateswap="0" gate="1" group="1" side="" type="Any" name="A12" />
    <comppin designator="A13" sympin="13" pinswap="0" gateswap="0" gate="1" group="1" side="" type="Any" name="A13" />
    <comppin designator="A14" sympin="14" pinswap="0" gateswap="0" gate="1" group="1" side="" type="Any" name="A14" />
    <comppin designator="A15" sympin="15" pinswap="0" gateswap="0" gate="1" group="1" side="" type="Any" name="A15" />
    <comppin designator="A16" sympin="16" pinswap="0" gateswap="0" gate="1" group="1" side="" type="Any" name="A16" />
    <comppin designator="A17" sympin="17" pinswap="0" gateswap="0" gate="1" group="1" side="" type="Any" name="A17" />
    <comppin designator="A18" sympin="18" pinswap="0" gateswap="0" gate="1" group="1" side="" type="Any" name="A18" />
    <comppin designator="A19" sympin="19" pinswap="0" gateswap="0" gate="1" group="1" side="" type="Any" name="A19" />
    <comppin designator="A20" sympin="20" pinswap="0" gateswap="0" gate="1" group="1" side="" type="Any" name="A20" />
    <comppin designator="MP1" sympin="21" pinswap="0" gateswap="0" gate="1" group="1" side="" type="Any" name="MP1" />
    <comppin designator="MP2" sympin="22" pinswap="0" gateswap="0" gate="1" group="1" side="" type="Any" name="MP2" />
    <comppin designator="MP3" sympin="23" pinswap="0" gateswap="0" gate="1" group="1" side="" type="Any" name="MP3" />
    <comppin designator="MP4" sympin="24" pinswap="0" gateswap="0" gate="1" group="1" side="" type="Any" name="MP4" />
    <attached_symbol gate="1" name="1373866" />
    <pinmap designator="A1" footprintpin="1" />
    <pinmap designator="A2" footprintpin="2" />
    <pinmap designator="A3" footprintpin="3" />
    <pinmap designator="A4" footprintpin="4" />
    <pinmap designator="A5" footprintpin="5" />
    <pinmap designator="A6" footprintpin="6" />
    <pinmap designator="A7" footprintpin="7" />
    <pinmap designator="A8" footprintpin="8" />
    <pinmap designator="A9" footprintpin="9" />
    <pinmap designator="A10" footprintpin="10" />
    <pinmap designator="A11" footprintpin="11" />
    <pinmap designator="A12" footprintpin="12" />
    <pinmap designator="A13" footprintpin="13" />
    <pinmap designator="A14" footprintpin="14" />
    <pinmap designator="A15" footprintpin="15" />
    <pinmap designator="A16" footprintpin="16" />
    <pinmap designator="A17" footprintpin="17" />
    <pinmap designator="A18" footprintpin="18" />
    <pinmap designator="A19" footprintpin="19" />
    <pinmap designator="A20" footprintpin="20" />
    <pinmap designator="MP1" footprintpin="21" />
    <pinmap designator="MP2" footprintpin="22" />
    <pinmap designator="MP3" footprintpin="23" />
    <pinmap designator="MP4" footprintpin="24" />
    <text name="Datasheet" originx="0" originy="0" style="Default" rotation="0" justify="" flipped="False" hidden="True" data="http://www.phoenixcontact.com/gb/produkte/1373866" />
    <text name="Description" originx="0" originy="0" style="Default" rotation="0" justify="" flipped="False" hidden="True" data="SMD male connector, nominal current: 2.2 A, Test voltage: 840 VAC, number of positions: 20, pitch: 1.27 mm, color: black, contact surface: Gold, type of contact: Male connector, mounting: SMD soldering" />
    <text name="Mouser Part Number" originx="0" originy="0" style="Default" rotation="0" justify="" flipped="False" hidden="True" data="651-1373866" />
    <text name="Mouser Price/Stock" originx="0" originy="0" style="Default" rotation="0" justify="" flipped="False" hidden="True" data="https://www.mouser.co.uk/ProductDetail/Phoenix-Contact/1373866?qs=2SLPxufLcgAs0enIXKjUUw%3D%3D" />
    <text name="Manufacturer_Name" originx="0" originy="0" style="Default" rotation="0" justify="" flipped="False" hidden="True" data="Phoenix Contact" />
    <text name="Manufacturer_Part_Number" originx="1350" originy="500" style="Default" rotation="0" justify="left" flipped="False" hidden="False" data="1373866" />
  </component>
</quadcept_library>
